{"cameraMode":{"drawMode":0,"name":"Shaded","section":"Shading Mode"},"sceneLighting":true,"audioPlay":false,"sceneViewState":{"showFog":true,"showMaterialUpdate":false,"showSkybox":true,"showFlares":true,"showImageEffects":true,"showParticleSystems":true},"in2DMode":false,"pivot":{"x":1.050973892211914,"y":-3.300511360168457,"z":2.7712936401367189},"rotation":{"x":-0.11781421303749085,"y":0.8794211149215698,"z":-0.2868601977825165,"w":-0.3611808717250824},"size":29.675460815429689,"orthographic":false}